sex,day,file.name,trial,trial.recording.duration,trial.recording.start,video.recording.start,elongation
Female,3,D:\Rubber Tail Illusion\MATLAB\HABITUATION.VIDEOS\phase1.day3.a1.MTS,Trial     1,+ 00:00:27.828,03/09/2022 13:28:35.504,03/09/2022 13:28:32.000,68.309
Female,3,D:\Rubber Tail Illusion\MATLAB\HABITUATION.VIDEOS\phase1.day3.a1.MTS,Trial     2,+ 00:00:19.052,03/09/2022 13:29:31.159,03/09/2022 13:28:32.000,67.6108
Female,3,D:\Rubber Tail Illusion\MATLAB\HABITUATION.VIDEOS\phase1.day3.a1.MTS,Trial     3,+ 00:00:30.063,03/09/2022 13:30:39.561,03/09/2022 13:28:32.000,70.4015
Female,3,D:\Rubber Tail Illusion\MATLAB\HABITUATION.VIDEOS\phase1.day3.a1.MTS,Trial     4,+ 00:00:30.063,03/09/2022 13:31:09.691,03/09/2022 13:28:32.000,70.5597
Female,3,D:\Rubber Tail Illusion\MATLAB\HABITUATION.VIDEOS\phase1.day3.a1.MTS,Trial     5,+ 00:00:30.063,03/09/2022 13:31:39.855,03/09/2022 13:28:32.000,70.5375
Female,3,D:\Rubber Tail Illusion\MATLAB\HABITUATION.VIDEOS\phase1.day3.a1.MTS,Trial     6,+ 00:00:30.063,03/09/2022 13:32:10.018,03/09/2022 13:28:32.000,71.0379
Female,3,D:\Rubber Tail Illusion\MATLAB\HABITUATION.VIDEOS\phase1.day3.a1.MTS,Trial     7,+ 00:00:13.080,03/09/2022 13:32:40.182,03/09/2022 13:28:32.000,70.6421
Female,3,D:\Rubber Tail Illusion\MATLAB\HABITUATION.VIDEOS\phase1.day3.a2.MTS,Trial     8,+ 00:00:30.063,03/09/2022 13:39:29.437,03/09/2022 13:39:26.000,66.9413
Female,3,D:\Rubber Tail Illusion\MATLAB\HABITUATION.VIDEOS\phase1.day3.a2.MTS,Trial     9,+ 00:00:30.063,03/09/2022 13:39:59.634,03/09/2022 13:39:26.000,64.9158
Female,3,D:\Rubber Tail Illusion\MATLAB\HABITUATION.VIDEOS\phase1.day3.a2.MTS,Trial    10,+ 00:00:30.063,03/09/2022 13:40:29.764,03/09/2022 13:39:26.000,66.2144
Female,3,D:\Rubber Tail Illusion\MATLAB\HABITUATION.VIDEOS\phase1.day3.a2.MTS,Trial    11,+ 00:00:30.063,03/09/2022 13:40:59.894,03/09/2022 13:39:26.000,67.1964
Female,3,D:\Rubber Tail Illusion\MATLAB\HABITUATION.VIDEOS\phase1.day3.a2.MTS,Trial    12,+ 00:00:30.063,03/09/2022 13:41:30.024,03/09/2022 13:39:26.000,65.4856
Female,3,D:\Rubber Tail Illusion\MATLAB\HABITUATION.VIDEOS\phase1.day3.a2.MTS,Trial    13,+ 00:00:30.063,03/09/2022 13:42:00.254,03/09/2022 13:39:26.000,66.2701
Female,3,D:\Rubber Tail Illusion\MATLAB\HABITUATION.VIDEOS\phase1.day3.a2.MTS,Trial    14,+ 00:00:10.811,03/09/2022 13:42:30.384,03/09/2022 13:39:26.000,66.1685
Female,3,D:\Rubber Tail Illusion\MATLAB\HABITUATION.VIDEOS\phase1.day3.b1.MTS,Trial    15,+ 00:00:30.063,03/09/2022 13:45:10.936,03/09/2022 13:45:08.000,65.5938
Female,3,D:\Rubber Tail Illusion\MATLAB\HABITUATION.VIDEOS\phase1.day3.b1.MTS,Trial    16,+ 00:00:30.063,03/09/2022 13:45:41.066,03/09/2022 13:45:08.000,64.4767
Female,3,D:\Rubber Tail Illusion\MATLAB\HABITUATION.VIDEOS\phase1.day3.b1.MTS,Trial    17,+ 00:00:30.063,03/09/2022 13:46:11.230,03/09/2022 13:45:08.000,64.837
Female,3,D:\Rubber Tail Illusion\MATLAB\HABITUATION.VIDEOS\phase1.day3.b1.MTS,Trial    18,+ 00:00:30.063,03/09/2022 13:46:41.393,03/09/2022 13:45:08.000,65.1941
Female,3,D:\Rubber Tail Illusion\MATLAB\HABITUATION.VIDEOS\phase1.day3.b1.MTS,Trial    19,+ 00:00:30.063,03/09/2022 13:47:11.524,03/09/2022 13:45:08.000,60.5894
Female,3,D:\Rubber Tail Illusion\MATLAB\HABITUATION.VIDEOS\phase1.day3.b1.MTS,Trial    20,+ 00:00:30.063,03/09/2022 13:47:41.754,03/09/2022 13:45:08.000,61.7575
Female,3,D:\Rubber Tail Illusion\MATLAB\HABITUATION.VIDEOS\phase1.day3.b2.MTS,Trial    21,+ 00:00:30.063,03/09/2022 13:52:26.903,03/09/2022 13:52:24.000,70.5225
Female,3,D:\Rubber Tail Illusion\MATLAB\HABITUATION.VIDEOS\phase1.day3.b2.MTS,Trial    22,+ 00:00:13.013,03/09/2022 13:52:57.033,03/09/2022 13:52:24.000,70.5367
Female,3,D:\Rubber Tail Illusion\MATLAB\HABITUATION.VIDEOS\phase1.day3.b2.MTS,Trial    23,+ 00:00:30.063,03/09/2022 13:54:11.608,03/09/2022 13:52:24.000,69.9058
Female,3,D:\Rubber Tail Illusion\MATLAB\HABITUATION.VIDEOS\phase1.day3.b2.MTS,Trial    24,+ 00:00:05.973,03/09/2022 13:54:41.804,03/09/2022 13:52:24.000,64.1162
Female,3,D:\Rubber Tail Illusion\MATLAB\HABITUATION.VIDEOS\phase1.day3.c1.MTS,Trial   266,+ 00:00:07.474,03/09/2022 14:08:02.970,03/09/2022 14:08:00.000,73.319
Female,3,D:\Rubber Tail Illusion\MATLAB\HABITUATION.VIDEOS\phase1.day3.c1.MTS,Trial   267,+ 00:00:18.018,03/09/2022 14:08:28.529,03/09/2022 14:08:00.000,73.9195
Female,3,D:\Rubber Tail Illusion\MATLAB\HABITUATION.VIDEOS\phase1.day3.c1.MTS,Trial   268,+ 00:00:30.063,03/09/2022 14:09:05.432,03/09/2022 14:08:00.000,75.288
Female,3,D:\Rubber Tail Illusion\MATLAB\HABITUATION.VIDEOS\phase1.day3.c1.MTS,Trial   269,+ 00:00:30.063,03/09/2022 14:09:35.562,03/09/2022 14:08:00.000,75.456
Female,3,D:\Rubber Tail Illusion\MATLAB\HABITUATION.VIDEOS\phase1.day3.c1.MTS,Trial   270,+ 00:00:30.063,03/09/2022 14:10:05.726,03/09/2022 14:08:00.000,75.5634
Female,3,D:\Rubber Tail Illusion\MATLAB\HABITUATION.VIDEOS\phase1.day3.c1.MTS,Trial   271,+ 00:00:30.063,03/09/2022 14:11:30.410,03/09/2022 14:08:00.000,74.8308
Female,3,D:\Rubber Tail Illusion\MATLAB\HABITUATION.VIDEOS\phase1.day3.c1.MTS,Trial   272,+ 00:00:29.229,03/09/2022 14:12:00.541,03/09/2022 14:08:00.000,74.5459
Female,3,D:\Rubber Tail Illusion\MATLAB\HABITUATION.VIDEOS\phase1.day3.c2.MTS,Trial   273,+ 00:00:07.741,03/09/2022 14:13:50.371,03/09/2022 14:13:46.000,74.3435
Female,3,D:\Rubber Tail Illusion\MATLAB\HABITUATION.VIDEOS\phase1.day3.c2.MTS,Trial   274,+ 00:00:24.558,03/09/2022 14:15:05.680,03/09/2022 14:13:46.000,71.5645
Female,3,D:\Rubber Tail Illusion\MATLAB\HABITUATION.VIDEOS\phase1.day3.c2.MTS,Trial   275,+ 00:00:30.063,03/09/2022 14:15:53.394,03/09/2022 14:13:46.000,66.7578
Female,3,D:\Rubber Tail Illusion\MATLAB\HABITUATION.VIDEOS\phase1.day3.c2.MTS,Trial   276,+ 00:00:27.794,03/09/2022 14:16:23.591,03/09/2022 14:13:46.000,66.0304
Female,3,D:\Rubber Tail Illusion\MATLAB\HABITUATION.VIDEOS\phase1.day3.c2.MTS,Trial   277,+ 00:00:30.063,03/09/2022 14:17:18.379,03/09/2022 14:13:46.000,74.096
Female,3,D:\Rubber Tail Illusion\MATLAB\HABITUATION.VIDEOS\phase1.day3.c2.MTS,Trial   278,+ 00:00:30.063,03/09/2022 14:17:48.509,03/09/2022 14:13:46.000,75.4713
Female,3,D:\Rubber Tail Illusion\MATLAB\HABITUATION.VIDEOS\phase1.day3.c2.MTS,Trial   279,+ 00:00:29.162,03/09/2022 14:18:18.639,03/09/2022 14:13:46.000,75.3333
Female,3,D:\Rubber Tail Illusion\MATLAB\HABITUATION.VIDEOS\phase1.day3.d1.MTS,Trial    36,+ 00:00:18.018,03/09/2022 16:25:49.604,03/09/2022 16:25:46.000,72.2867
Female,3,D:\Rubber Tail Illusion\MATLAB\HABITUATION.VIDEOS\phase1.day3.d1.MTS,Trial    37,+ 00:00:18.051,03/09/2022 16:26:33.981,03/09/2022 16:25:46.000,74.5525
Female,3,D:\Rubber Tail Illusion\MATLAB\HABITUATION.VIDEOS\phase1.day3.d1.MTS,Trial    38,+ 00:00:30.063,03/09/2022 16:27:31.472,03/09/2022 16:25:46.000,74.7554
Female,3,D:\Rubber Tail Illusion\MATLAB\HABITUATION.VIDEOS\phase1.day3.d1.MTS,Trial    39,+ 00:00:30.063,03/09/2022 16:28:01.636,03/09/2022 16:25:46.000,72.9111
Female,3,D:\Rubber Tail Illusion\MATLAB\HABITUATION.VIDEOS\phase1.day3.d1.MTS,Trial    40,+ 00:00:25.826,03/09/2022 16:28:31.799,03/09/2022 16:25:46.000,72.7418
Female,3,D:\Rubber Tail Illusion\MATLAB\HABITUATION.VIDEOS\phase1.day3.d2.MTS,Trial    41,+ 00:00:30.063,03/09/2022 16:33:48.803,03/09/2022 16:33:46.000,70.4687
Female,3,D:\Rubber Tail Illusion\MATLAB\HABITUATION.VIDEOS\phase1.day3.d2.MTS,Trial    42,+ 00:00:30.063,03/09/2022 16:34:18.933,03/09/2022 16:33:46.000,68.9136
Female,3,D:\Rubber Tail Illusion\MATLAB\HABITUATION.VIDEOS\phase1.day3.d2.MTS,Trial    43,+ 00:00:30.063,03/09/2022 16:34:49.096,03/09/2022 16:33:46.000,71.7065
Female,3,D:\Rubber Tail Illusion\MATLAB\HABITUATION.VIDEOS\phase1.day3.d2.MTS,Trial    44,+ 00:00:30.063,03/09/2022 16:35:19.260,03/09/2022 16:33:46.000,71.517
Female,3,D:\Rubber Tail Illusion\MATLAB\HABITUATION.VIDEOS\phase1.day3.d2.MTS,Trial    45,+ 00:00:30.063,03/09/2022 16:35:49.423,03/09/2022 16:33:46.000,72.4503
Female,3,D:\Rubber Tail Illusion\MATLAB\HABITUATION.VIDEOS\phase1.day3.d2.MTS,Trial    46,+ 00:00:30.063,03/09/2022 16:36:19.587,03/09/2022 16:33:46.000,70.6919
Female,3,D:\Rubber Tail Illusion\MATLAB\HABITUATION.VIDEOS\phase1.day3.e1.MTS,Trial    47,+ 00:00:15.782,03/09/2022 16:43:32.836,03/09/2022 16:43:30.000,72.6887
Female,3,D:\Rubber Tail Illusion\MATLAB\HABITUATION.VIDEOS\phase1.day3.e2.MTS,Trial    48,+ 00:00:30.063,03/09/2022 16:48:23.136,03/09/2022 16:48:20.000,72.907
Female,3,D:\Rubber Tail Illusion\MATLAB\HABITUATION.VIDEOS\phase1.day3.e2.MTS,Trial    49,+ 00:00:13.514,03/09/2022 16:48:53.267,03/09/2022 16:48:20.000,72.0079
Female,3,D:\Rubber Tail Illusion\MATLAB\HABITUATION.VIDEOS\phase1.day3.e2.MTS,Trial    50,+ 00:00:30.063,03/09/2022 16:49:28.869,03/09/2022 16:48:20.000,76.3102
Female,3,D:\Rubber Tail Illusion\MATLAB\HABITUATION.VIDEOS\phase1.day3.e2.MTS,Trial    51,+ 00:00:30.063,03/09/2022 16:49:58.999,03/09/2022 16:48:20.000,75.6935
Female,3,D:\Rubber Tail Illusion\MATLAB\HABITUATION.VIDEOS\phase1.day3.e2.MTS,Trial    52,+ 00:00:30.063,03/09/2022 16:50:29.129,03/09/2022 16:48:20.000,75.2483
Female,3,D:\Rubber Tail Illusion\MATLAB\HABITUATION.VIDEOS\phase1.day3.e2.MTS,Trial    53,+ 00:00:30.063,03/09/2022 16:50:59.326,03/09/2022 16:48:20.000,76.0077
Female,3,D:\Rubber Tail Illusion\MATLAB\HABITUATION.VIDEOS\phase1.day3.e2.MTS,Trial    54,+ 00:00:30.063,03/09/2022 16:51:29.456,03/09/2022 16:48:20.000,75.5791
Female,3,D:\Rubber Tail Illusion\MATLAB\HABITUATION.VIDEOS\phase1.day3.e2.MTS,Trial    55,+ 00:00:23.090,03/09/2022 16:51:59.653,03/09/2022 16:48:20.000,76.2193
Female,3,D:\Rubber Tail Illusion\MATLAB\HABITUATION.VIDEOS\phase1.day3.f1.MTS,Trial    56,+ 00:00:30.063,03/09/2022 16:56:37.737,03/09/2022 16:56:34.000,68.493
Female,3,D:\Rubber Tail Illusion\MATLAB\HABITUATION.VIDEOS\phase1.day3.f1.MTS,Trial    57,+ 00:00:30.063,03/09/2022 16:57:07.901,03/09/2022 16:56:34.000,67.9525
Female,3,D:\Rubber Tail Illusion\MATLAB\HABITUATION.VIDEOS\phase1.day3.f1.MTS,Trial    58,+ 00:00:30.063,03/09/2022 16:57:38.064,03/09/2022 16:56:34.000,67.1176
Female,3,D:\Rubber Tail Illusion\MATLAB\HABITUATION.VIDEOS\phase1.day3.f1.MTS,Trial    59,+ 00:00:30.063,03/09/2022 16:58:08.261,03/09/2022 16:56:34.000,68.7894
Female,3,D:\Rubber Tail Illusion\MATLAB\HABITUATION.VIDEOS\phase1.day3.f1.MTS,Trial    60,+ 00:00:30.063,03/09/2022 16:58:38.424,03/09/2022 16:56:34.000,68.5235
Female,3,D:\Rubber Tail Illusion\MATLAB\HABITUATION.VIDEOS\phase1.day3.f1.MTS,Trial    61,+ 00:00:30.063,03/09/2022 16:59:08.588,03/09/2022 16:56:34.000,69.3359
Female,3,D:\Rubber Tail Illusion\MATLAB\HABITUATION.VIDEOS\phase1.day3.f2.MTS,Trial    62,+ 00:00:07.441,03/09/2022 17:00:44.936,03/09/2022 17:00:42.000,68.3434
Female,3,D:\Rubber Tail Illusion\MATLAB\HABITUATION.VIDEOS\phase1.day3.f2.MTS,Trial    63,+ 00:00:30.063,03/09/2022 17:01:24.809,03/09/2022 17:00:42.000,72.2984
Female,3,D:\Rubber Tail Illusion\MATLAB\HABITUATION.VIDEOS\phase1.day3.f2.MTS,Trial    64,+ 00:00:30.063,03/09/2022 17:01:54.940,03/09/2022 17:00:42.000,69.6134
Female,3,D:\Rubber Tail Illusion\MATLAB\HABITUATION.VIDEOS\phase1.day3.f2.MTS,Trial    65,+ 00:00:14.248,03/09/2022 17:02:25.103,03/09/2022 17:00:42.000,68.4285
Female,3,D:\Rubber Tail Illusion\MATLAB\HABITUATION.VIDEOS\phase1.day3.f2.MTS,Trial    66,+ 00:00:20.854,03/09/2022 17:03:12.817,03/09/2022 17:00:42.000,69.6391
Female,4,D:\Rubber Tail Illusion\MATLAB\HABITUATION.VIDEOS\phase1.day4.a1.MTS,Trial   115,+ 00:00:08.742,03/10/2022 12:19:22.736,03/10/2022 12:19:20.000,68.0633
Female,4,D:\Rubber Tail Illusion\MATLAB\HABITUATION.VIDEOS\phase1.day4.a1.MTS,Trial   116,+ 00:00:30.063,03/10/2022 12:19:52.533,03/10/2022 12:19:20.000,68.8748
Female,4,D:\Rubber Tail Illusion\MATLAB\HABITUATION.VIDEOS\phase1.day4.a1.MTS,Trial   117,+ 00:00:30.063,03/10/2022 12:20:22.729,03/10/2022 12:19:20.000,69.7668
Female,4,D:\Rubber Tail Illusion\MATLAB\HABITUATION.VIDEOS\phase1.day4.a1.MTS,Trial   118,+ 00:00:30.063,03/10/2022 12:20:52.893,03/10/2022 12:19:20.000,67.7828
Female,4,D:\Rubber Tail Illusion\MATLAB\HABITUATION.VIDEOS\phase1.day4.a1.MTS,Trial   119,+ 00:00:30.063,03/10/2022 12:21:23.023,03/10/2022 12:19:20.000,68.765
Female,4,D:\Rubber Tail Illusion\MATLAB\HABITUATION.VIDEOS\phase1.day4.a1.MTS,Trial   120,+ 00:00:30.063,03/10/2022 12:21:53.153,03/10/2022 12:19:20.000,68.6002
Female,4,D:\Rubber Tail Illusion\MATLAB\HABITUATION.VIDEOS\phase1.day4.a1.MTS,Trial   121,+ 00:00:26.860,03/10/2022 12:22:23.350,03/10/2022 12:19:20.000,70.1309
Female,4,D:\Rubber Tail Illusion\MATLAB\HABITUATION.VIDEOS\phase1.day4.a2.MTS,Trial   122,+ 00:00:30.063,03/10/2022 12:24:10.803,03/10/2022 12:24:08.000,68.8378
Female,4,D:\Rubber Tail Illusion\MATLAB\HABITUATION.VIDEOS\phase1.day4.a2.MTS,Trial   123,+ 00:00:30.063,03/10/2022 12:24:40.933,03/10/2022 12:24:08.000,69.0273
Female,4,D:\Rubber Tail Illusion\MATLAB\HABITUATION.VIDEOS\phase1.day4.a2.MTS,Trial   124,+ 00:00:30.063,03/10/2022 12:25:11.096,03/10/2022 12:24:08.000,69.31
Female,4,D:\Rubber Tail Illusion\MATLAB\HABITUATION.VIDEOS\phase1.day4.a2.MTS,Trial   125,+ 00:00:30.063,03/10/2022 12:25:41.260,03/10/2022 12:24:08.000,68.9434
Female,4,D:\Rubber Tail Illusion\MATLAB\HABITUATION.VIDEOS\phase1.day4.a2.MTS,Trial   126,+ 00:00:30.063,03/10/2022 12:26:11.423,03/10/2022 12:24:08.000,68.9483
Female,4,D:\Rubber Tail Illusion\MATLAB\HABITUATION.VIDEOS\phase1.day4.a2.MTS,Trial   127,+ 00:00:30.063,03/10/2022 12:26:41.554,03/10/2022 12:24:08.000,67.9868
Female,4,D:\Rubber Tail Illusion\MATLAB\HABITUATION.VIDEOS\phase1.day4.b1.MTS,Trial   128,+ 00:00:30.063,03/10/2022 12:30:04.903,03/10/2022 12:30:02.000,72.3639
Female,4,D:\Rubber Tail Illusion\MATLAB\HABITUATION.VIDEOS\phase1.day4.b1.MTS,Trial   129,+ 00:00:30.063,03/10/2022 12:30:35.066,03/10/2022 12:30:02.000,72.4953
Female,4,D:\Rubber Tail Illusion\MATLAB\HABITUATION.VIDEOS\phase1.day4.b1.MTS,Trial   130,+ 00:00:30.063,03/10/2022 12:31:05.230,03/10/2022 12:30:02.000,72.5895
Female,4,D:\Rubber Tail Illusion\MATLAB\HABITUATION.VIDEOS\phase1.day4.b1.MTS,Trial   131,+ 00:00:30.063,03/10/2022 12:31:35.393,03/10/2022 12:30:02.000,72.3727
Female,4,D:\Rubber Tail Illusion\MATLAB\HABITUATION.VIDEOS\phase1.day4.b1.MTS,Trial   132,+ 00:00:30.063,03/10/2022 12:32:05.524,03/10/2022 12:30:02.000,72.4217
Female,4,D:\Rubber Tail Illusion\MATLAB\HABITUATION.VIDEOS\phase1.day4.b1.MTS,Trial   133,+ 00:00:30.063,03/10/2022 12:32:35.654,03/10/2022 12:30:02.000,72.2351
Female,4,D:\Rubber Tail Illusion\MATLAB\HABITUATION.VIDEOS\phase1.day4.b2.MTS,Trial   134,+ 00:00:30.063,03/10/2022 12:40:02.369,03/10/2022 12:40:00.000,69.2944
Female,4,D:\Rubber Tail Illusion\MATLAB\HABITUATION.VIDEOS\phase1.day4.b2.MTS,Trial   135,+ 00:00:30.063,03/10/2022 12:40:32.499,03/10/2022 12:40:00.000,68.7472
Female,4,D:\Rubber Tail Illusion\MATLAB\HABITUATION.VIDEOS\phase1.day4.b2.MTS,Trial   136,+ 00:00:30.063,03/10/2022 12:41:02.663,03/10/2022 12:40:00.000,67.3645
Female,4,D:\Rubber Tail Illusion\MATLAB\HABITUATION.VIDEOS\phase1.day4.b2.MTS,Trial   137,+ 00:00:30.063,03/10/2022 12:41:32.826,03/10/2022 12:40:00.000,67.8785
Female,4,D:\Rubber Tail Illusion\MATLAB\HABITUATION.VIDEOS\phase1.day4.b2.MTS,Trial   138,+ 00:00:30.063,03/10/2022 12:42:02.956,03/10/2022 12:40:00.000,68.1074
Female,4,D:\Rubber Tail Illusion\MATLAB\HABITUATION.VIDEOS\phase1.day4.b2.MTS,Trial   139,+ 00:00:30.063,03/10/2022 12:42:33.120,03/10/2022 12:40:00.000,67.4854
Female,4,D:\Rubber Tail Illusion\MATLAB\HABITUATION.VIDEOS\phase1.day4.c1.MTS,Trial   140,+ 00:00:30.063,03/10/2022 12:52:26.669,03/10/2022 12:52:24.000,73.4859
Female,4,D:\Rubber Tail Illusion\MATLAB\HABITUATION.VIDEOS\phase1.day4.c1.MTS,Trial   141,+ 00:00:08.242,03/10/2022 12:52:56.799,03/10/2022 12:52:24.000,73.1076
Female,4,D:\Rubber Tail Illusion\MATLAB\HABITUATION.VIDEOS\phase1.day4.c1.MTS,Trial   142,+ 00:00:30.063,03/10/2022 12:56:35.418,03/10/2022 12:52:24.000,72.9972
Female,4,D:\Rubber Tail Illusion\MATLAB\HABITUATION.VIDEOS\phase1.day4.c1.MTS,Trial   143,+ 00:00:30.063,03/10/2022 12:57:05.548,03/10/2022 12:52:24.000,71.97
Female,4,D:\Rubber Tail Illusion\MATLAB\HABITUATION.VIDEOS\phase1.day4.c1.MTS,Trial   144,+ 00:00:30.063,03/10/2022 12:57:35.678,03/10/2022 12:52:24.000,73.0788
Female,4,D:\Rubber Tail Illusion\MATLAB\HABITUATION.VIDEOS\phase1.day4.c1.MTS,Trial   145,+ 00:00:30.063,03/10/2022 12:58:05.842,03/10/2022 12:52:24.000,70.8546
Female,4,D:\Rubber Tail Illusion\MATLAB\HABITUATION.VIDEOS\phase1.day4.c2.MTS,Trial   146,+ 00:00:17.284,03/10/2022 12:58:38.769,03/10/2022 12:58:36.000,70.5288
Female,4,D:\Rubber Tail Illusion\MATLAB\HABITUATION.VIDEOS\phase1.day4.c2.MTS,Trial   147,+ 00:00:30.063,03/10/2022 13:00:03.020,03/10/2022 12:58:36.000,70.2965
Female,4,D:\Rubber Tail Illusion\MATLAB\HABITUATION.VIDEOS\phase1.day4.c2.MTS,Trial   148,+ 00:00:15.782,03/10/2022 13:00:33.150,03/10/2022 12:58:36.000,67.9978
Female,4,D:\Rubber Tail Illusion\MATLAB\HABITUATION.VIDEOS\phase1.day4.c2.MTS,Trial   149,+ 00:00:30.063,03/10/2022 13:01:47.225,03/10/2022 12:58:36.000,72.6652
Female,4,D:\Rubber Tail Illusion\MATLAB\HABITUATION.VIDEOS\phase1.day4.c2.MTS,Trial   150,+ 00:00:30.063,03/10/2022 13:02:17.388,03/10/2022 12:58:36.000,72.0518
Female,4,D:\Rubber Tail Illusion\MATLAB\HABITUATION.VIDEOS\phase1.day4.c2.MTS,Trial   151,+ 00:00:30.063,03/10/2022 13:02:47.552,03/10/2022 12:58:36.000,72.1217
Female,4,D:\Rubber Tail Illusion\MATLAB\HABITUATION.VIDEOS\phase1.day4.c2.MTS,Trial   152,+ 00:00:30.063,03/10/2022 13:03:17.715,03/10/2022 12:58:36.000,72.5475
Female,4,D:\Rubber Tail Illusion\MATLAB\HABITUATION.VIDEOS\phase1.day4.d1.MTS,Trial   153,+ 00:00:30.063,03/10/2022 13:04:27.003,03/10/2022 13:04:24.000,66.8622
Female,4,D:\Rubber Tail Illusion\MATLAB\HABITUATION.VIDEOS\phase1.day4.d1.MTS,Trial   154,+ 00:00:30.063,03/10/2022 13:04:57.200,03/10/2022 13:04:24.000,66.4934
Female,4,D:\Rubber Tail Illusion\MATLAB\HABITUATION.VIDEOS\phase1.day4.d1.MTS,Trial   155,+ 00:00:30.063,03/10/2022 13:05:27.363,03/10/2022 13:04:24.000,67.643
Female,4,D:\Rubber Tail Illusion\MATLAB\HABITUATION.VIDEOS\phase1.day4.d1.MTS,Trial   156,+ 00:00:30.063,03/10/2022 13:05:57.527,03/10/2022 13:04:24.000,66.769
Female,4,D:\Rubber Tail Illusion\MATLAB\HABITUATION.VIDEOS\phase1.day4.d1.MTS,Trial   157,+ 00:00:30.063,03/10/2022 13:06:27.724,03/10/2022 13:04:24.000,67.5467
Female,4,D:\Rubber Tail Illusion\MATLAB\HABITUATION.VIDEOS\phase1.day4.d1.MTS,Trial   158,+ 00:00:30.063,03/10/2022 13:06:57.887,03/10/2022 13:04:24.000,66.8924
Female,4,D:\Rubber Tail Illusion\MATLAB\HABITUATION.VIDEOS\phase1.day4.d2.MTS,Trial   159,+ 00:00:30.063,03/10/2022 13:09:02.803,03/10/2022 13:09:00.000,68.0408
Female,4,D:\Rubber Tail Illusion\MATLAB\HABITUATION.VIDEOS\phase1.day4.d2.MTS,Trial   160,+ 00:00:30.063,03/10/2022 13:09:32.933,03/10/2022 13:09:00.000,69.3526
Female,4,D:\Rubber Tail Illusion\MATLAB\HABITUATION.VIDEOS\phase1.day4.d2.MTS,Trial   161,+ 00:00:30.063,03/10/2022 13:10:03.096,03/10/2022 13:09:00.000,68.4292
Female,4,D:\Rubber Tail Illusion\MATLAB\HABITUATION.VIDEOS\phase1.day4.d2.MTS,Trial   162,+ 00:00:30.063,03/10/2022 13:10:33.227,03/10/2022 13:09:00.000,67.0704
Female,4,D:\Rubber Tail Illusion\MATLAB\HABITUATION.VIDEOS\phase1.day4.d2.MTS,Trial   163,+ 00:00:24.558,03/10/2022 13:11:03.390,03/10/2022 13:09:00.000,68.8905
Female,4,D:\Rubber Tail Illusion\MATLAB\HABITUATION.VIDEOS\phase1.day4.d2.MTS,Trial   164,+ 00:00:24.157,03/10/2022 13:11:42.029,03/10/2022 13:09:00.000,68.7788
Female,4,D:\Rubber Tail Illusion\MATLAB\HABITUATION.VIDEOS\phase1.day4.e1.MTS,Trial   165,+ 00:00:30.063,03/10/2022 13:16:50.402,03/10/2022 13:16:48.000,70.9303
Female,4,D:\Rubber Tail Illusion\MATLAB\HABITUATION.VIDEOS\phase1.day4.e1.MTS,Trial   166,+ 00:00:06.507,03/10/2022 13:17:20.566,03/10/2022 13:16:48.000,67.1365
Female,4,D:\Rubber Tail Illusion\MATLAB\HABITUATION.VIDEOS\phase1.day4.e1.MTS,Trial   167,+ 00:00:19.553,03/10/2022 13:18:21.594,03/10/2022 13:16:48.000,71.2126
Female,4,D:\Rubber Tail Illusion\MATLAB\HABITUATION.VIDEOS\phase1.day4.e1.MTS,Trial   168,+ 00:00:26.059,03/10/2022 13:19:22.021,03/10/2022 13:16:48.000,68.9004
Female,4,D:\Rubber Tail Illusion\MATLAB\HABITUATION.VIDEOS\phase1.day4.e1.MTS,Trial   169,+ 00:00:30.063,03/10/2022 13:20:05.497,03/10/2022 13:16:48.000,70.8216
Female,4,D:\Rubber Tail Illusion\MATLAB\HABITUATION.VIDEOS\phase1.day4.e1.MTS,Trial   170,+ 00:00:25.592,03/10/2022 13:20:35.661,03/10/2022 13:16:48.000,71.4463
Female,4,D:\Rubber Tail Illusion\MATLAB\HABITUATION.VIDEOS\phase1.day4.e2.MTS,Trial   171,+ 00:00:30.063,03/10/2022 13:21:22.736,03/10/2022 13:21:20.000,70.5721
Female,4,D:\Rubber Tail Illusion\MATLAB\HABITUATION.VIDEOS\phase1.day4.e2.MTS,Trial   172,+ 00:00:30.063,03/10/2022 13:21:52.866,03/10/2022 13:21:20.000,70.6552
Female,4,D:\Rubber Tail Illusion\MATLAB\HABITUATION.VIDEOS\phase1.day4.e2.MTS,Trial   173,+ 00:00:30.063,03/10/2022 13:22:26.867,03/10/2022 13:21:20.000,71.4047
Female,4,D:\Rubber Tail Illusion\MATLAB\HABITUATION.VIDEOS\phase1.day4.e2.MTS,Trial   174,+ 00:00:26.793,03/10/2022 13:22:57.030,03/10/2022 13:21:20.000,68.981
Female,4,D:\Rubber Tail Illusion\MATLAB\HABITUATION.VIDEOS\phase1.day4.e2.MTS,Trial   175,+ 00:00:30.063,03/10/2022 13:23:55.589,03/10/2022 13:21:20.000,71.7414
Female,4,D:\Rubber Tail Illusion\MATLAB\HABITUATION.VIDEOS\phase1.day4.f1.MTS,Trial   176,+ 00:00:30.063,03/10/2022 13:26:24.703,03/10/2022 13:26:22.000,70.305
Female,4,D:\Rubber Tail Illusion\MATLAB\HABITUATION.VIDEOS\phase1.day4.f1.MTS,Trial   177,+ 00:00:30.063,03/10/2022 13:26:54.833,03/10/2022 13:26:22.000,70.4227
Female,4,D:\Rubber Tail Illusion\MATLAB\HABITUATION.VIDEOS\phase1.day4.f1.MTS,Trial   178,+ 00:00:30.063,03/10/2022 13:27:24.996,03/10/2022 13:26:22.000,69.9962
Female,4,D:\Rubber Tail Illusion\MATLAB\HABITUATION.VIDEOS\phase1.day4.f1.MTS,Trial   179,+ 00:00:30.063,03/10/2022 13:27:55.126,03/10/2022 13:26:22.000,70.1315
Female,4,D:\Rubber Tail Illusion\MATLAB\HABITUATION.VIDEOS\phase1.day4.f1.MTS,Trial   180,+ 00:00:30.063,03/10/2022 13:28:25.290,03/10/2022 13:26:22.000,70.7381
Female,4,D:\Rubber Tail Illusion\MATLAB\HABITUATION.VIDEOS\phase1.day4.f1.MTS,Trial   181,+ 00:00:30.063,03/10/2022 13:28:55.453,03/10/2022 13:26:22.000,71.4922
Female,4,D:\Rubber Tail Illusion\MATLAB\HABITUATION.VIDEOS\phase1.day4.f2.MTS,Trial   182,+ 00:00:30.063,03/10/2022 13:30:52.625,03/10/2022 13:30:28.000,72.0301
Female,4,D:\Rubber Tail Illusion\MATLAB\HABITUATION.VIDEOS\phase1.day4.f2.MTS,Trial   183,+ 00:00:30.063,03/10/2022 13:31:22.755,03/10/2022 13:30:28.000,72.0682
Female,4,D:\Rubber Tail Illusion\MATLAB\HABITUATION.VIDEOS\phase1.day4.f2.MTS,Trial   184,+ 00:00:30.063,03/10/2022 13:31:52.918,03/10/2022 13:30:28.000,70.7903
Female,4,D:\Rubber Tail Illusion\MATLAB\HABITUATION.VIDEOS\phase1.day4.f2.MTS,Trial   185,+ 00:00:30.063,03/10/2022 13:32:23.082,03/10/2022 13:30:28.000,71.2305
Female,4,D:\Rubber Tail Illusion\MATLAB\HABITUATION.VIDEOS\phase1.day4.f2.MTS,Trial   186,+ 00:00:30.063,03/10/2022 13:32:53.245,03/10/2022 13:30:28.000,71.6178
Female,4,D:\Rubber Tail Illusion\MATLAB\HABITUATION.VIDEOS\phase1.day4.f2.MTS,Trial   187,+ 00:00:30.063,03/10/2022 13:33:23.375,03/10/2022 13:30:28.000,71.5101
Male,3,D:\Rubber Tail Illusion\MATLAB\HABITUATION.VIDEOS\phase1.day3.g1.MTS,Trial    67,+ 00:00:30.063,03/09/2022 17:10:06.603,03/09/2022 17:10:04.000,69.4804
Male,3,D:\Rubber Tail Illusion\MATLAB\HABITUATION.VIDEOS\phase1.day3.g1.MTS,Trial    68,+ 00:00:30.063,03/09/2022 17:10:36.766,03/09/2022 17:10:04.000,67.6679
Male,3,D:\Rubber Tail Illusion\MATLAB\HABITUATION.VIDEOS\phase1.day3.g1.MTS,Trial    69,+ 00:00:30.063,03/09/2022 17:11:26.616,03/09/2022 17:10:04.000,62.4957
Male,3,D:\Rubber Tail Illusion\MATLAB\HABITUATION.VIDEOS\phase1.day3.g1.MTS,Trial    70,+ 00:00:30.063,03/09/2022 17:11:56.779,03/09/2022 17:10:04.000,57.8587
Male,3,D:\Rubber Tail Illusion\MATLAB\HABITUATION.VIDEOS\phase1.day3.g1.MTS,Trial    71,+ 00:00:30.063,03/09/2022 17:12:26.943,03/09/2022 17:10:04.000,59.4169
Male,3,D:\Rubber Tail Illusion\MATLAB\HABITUATION.VIDEOS\phase1.day3.g1.MTS,Trial    72,+ 00:00:30.063,03/09/2022 17:12:57.106,03/09/2022 17:10:04.000,59.3265
Male,3,D:\Rubber Tail Illusion\MATLAB\HABITUATION.VIDEOS\phase1.day3.g2.MTS,Trial    73,+ 00:00:11.278,03/09/2022 17:15:57.003,03/09/2022 17:15:54.000,70.18
Male,3,D:\Rubber Tail Illusion\MATLAB\HABITUATION.VIDEOS\phase1.day3.g2.MTS,Trial    74,+ 00:00:15.282,03/09/2022 17:16:37.777,03/09/2022 17:15:54.000,64.5427
Male,3,D:\Rubber Tail Illusion\MATLAB\HABITUATION.VIDEOS\phase1.day3.g2.MTS,Trial    75,+ 00:00:19.253,03/09/2022 17:17:38.204,03/09/2022 17:15:54.000,63.8762
Male,3,D:\Rubber Tail Illusion\MATLAB\HABITUATION.VIDEOS\phase1.day3.g2.MTS,Trial    76,+ 00:00:30.063,03/09/2022 17:18:52.278,03/09/2022 17:15:54.000,67.2056
Male,3,D:\Rubber Tail Illusion\MATLAB\HABITUATION.VIDEOS\phase1.day3.g2.MTS,Trial    77,+ 00:00:30.063,03/09/2022 17:19:22.408,03/09/2022 17:15:54.000,54.709
Male,3,D:\Rubber Tail Illusion\MATLAB\HABITUATION.VIDEOS\phase1.day3.g2.MTS,Trial    78,+ 00:00:30.063,03/09/2022 17:19:52.572,03/09/2022 17:15:54.000,53.9638
Male,3,D:\Rubber Tail Illusion\MATLAB\HABITUATION.VIDEOS\phase1.day3.g2.MTS,Trial    79,+ 00:00:30.063,03/09/2022 17:20:22.702,03/09/2022 17:15:54.000,53.1945
Male,3,D:\Rubber Tail Illusion\MATLAB\HABITUATION.VIDEOS\phase1.day3.h1.MTS,Trial    80,+ 00:00:30.063,03/09/2022 17:24:04.703,03/09/2022 17:24:02.000,73.0779
Male,3,D:\Rubber Tail Illusion\MATLAB\HABITUATION.VIDEOS\phase1.day3.h1.MTS,Trial    81,+ 00:00:30.063,03/09/2022 17:24:34.900,03/09/2022 17:24:02.000,72.7137
Male,3,D:\Rubber Tail Illusion\MATLAB\HABITUATION.VIDEOS\phase1.day3.h1.MTS,Trial    82,+ 00:00:30.063,03/09/2022 17:25:05.030,03/09/2022 17:24:02.000,72.167
Male,3,D:\Rubber Tail Illusion\MATLAB\HABITUATION.VIDEOS\phase1.day3.h1.MTS,Trial    83,+ 00:00:30.063,03/09/2022 17:25:35.193,03/09/2022 17:24:02.000,72.0463
Male,3,D:\Rubber Tail Illusion\MATLAB\HABITUATION.VIDEOS\phase1.day3.h1.MTS,Trial    84,+ 00:00:30.063,03/09/2022 17:26:05.357,03/09/2022 17:24:02.000,71.5751
Male,3,D:\Rubber Tail Illusion\MATLAB\HABITUATION.VIDEOS\phase1.day3.h1.MTS,Trial    85,+ 00:00:30.063,03/09/2022 17:26:35.520,03/09/2022 17:24:02.000,72.8821
Male,3,D:\Rubber Tail Illusion\MATLAB\HABITUATION.VIDEOS\phase1.day3.h2.MTS,Trial    86,+ 00:00:30.063,03/09/2022 17:28:28.836,03/09/2022 17:28:26.000,70.4595
Male,3,D:\Rubber Tail Illusion\MATLAB\HABITUATION.VIDEOS\phase1.day3.h2.MTS,Trial    87,+ 00:00:30.063,03/09/2022 17:28:58.966,03/09/2022 17:28:26.000,74.7903
Male,3,D:\Rubber Tail Illusion\MATLAB\HABITUATION.VIDEOS\phase1.day3.h2.MTS,Trial    88,+ 00:00:30.063,03/09/2022 17:29:29.096,03/09/2022 17:28:26.000,72.0639
Male,3,D:\Rubber Tail Illusion\MATLAB\HABITUATION.VIDEOS\phase1.day3.h2.MTS,Trial    89,+ 00:00:30.063,03/09/2022 17:29:59.260,03/09/2022 17:28:26.000,71.1641
Male,3,D:\Rubber Tail Illusion\MATLAB\HABITUATION.VIDEOS\phase1.day3.h2.MTS,Trial    90,+ 00:00:30.063,03/09/2022 17:30:29.390,03/09/2022 17:28:26.000,71.9613
Male,3,D:\Rubber Tail Illusion\MATLAB\HABITUATION.VIDEOS\phase1.day3.h2.MTS,Trial    91,+ 00:00:30.063,03/09/2022 17:30:59.587,03/09/2022 17:28:26.000,69.9151
Male,3,D:\Rubber Tail Illusion\MATLAB\HABITUATION.VIDEOS\phase1.day3.i1.MTS,Trial    92,+ 00:00:30.063,03/09/2022 17:33:54.369,03/09/2022 17:33:52.000,65.4224
Male,3,D:\Rubber Tail Illusion\MATLAB\HABITUATION.VIDEOS\phase1.day3.i1.MTS,Trial    93,+ 00:00:30.063,03/09/2022 17:34:24.499,03/09/2022 17:33:52.000,64.683
Male,3,D:\Rubber Tail Illusion\MATLAB\HABITUATION.VIDEOS\phase1.day3.i1.MTS,Trial    94,+ 00:00:30.063,03/09/2022 17:34:54.663,03/09/2022 17:33:52.000,66.955
Male,3,D:\Rubber Tail Illusion\MATLAB\HABITUATION.VIDEOS\phase1.day3.i1.MTS,Trial    95,+ 00:00:30.063,03/09/2022 17:35:24.793,03/09/2022 17:33:52.000,65.526
Male,3,D:\Rubber Tail Illusion\MATLAB\HABITUATION.VIDEOS\phase1.day3.i1.MTS,Trial    96,+ 00:00:30.063,03/09/2022 17:35:54.923,03/09/2022 17:33:52.000,66.6663
Male,3,D:\Rubber Tail Illusion\MATLAB\HABITUATION.VIDEOS\phase1.day3.i1.MTS,Trial    97,+ 00:00:30.063,03/09/2022 17:36:25.053,03/09/2022 17:33:52.000,67.2705
Male,3,D:\Rubber Tail Illusion\MATLAB\HABITUATION.VIDEOS\phase1.day3.i2.MTS,Trial    98,+ 00:00:17.017,03/09/2022 17:37:44.402,03/09/2022 17:37:42.000,66.4449
Male,3,D:\Rubber Tail Illusion\MATLAB\HABITUATION.VIDEOS\phase1.day3.j1.MTS,Trial    99,+ 00:00:29.363,03/09/2022 17:42:58.202,03/09/2022 17:42:56.000,63.0005
Male,3,D:\Rubber Tail Illusion\MATLAB\HABITUATION.VIDEOS\phase1.day3.j1.MTS,Trial   100,+ 00:00:16.783,03/09/2022 17:43:49.820,03/09/2022 17:42:56.000,63.515
Male,3,D:\Rubber Tail Illusion\MATLAB\HABITUATION.VIDEOS\phase1.day3.j1.MTS,Trial   101,+ 00:00:23.790,03/09/2022 17:44:48.946,03/09/2022 17:42:56.000,66.716
Male,3,D:\Rubber Tail Illusion\MATLAB\HABITUATION.VIDEOS\phase1.day3.j2.MTS,Trial   102,+ 00:00:30.063,03/09/2022 17:47:56.603,03/09/2022 17:47:54.000,65.7585
Male,3,D:\Rubber Tail Illusion\MATLAB\HABITUATION.VIDEOS\phase1.day3.j2.MTS,Trial   103,+ 00:00:30.063,03/09/2022 17:48:26.733,03/09/2022 17:47:54.000,65.9647
Male,3,D:\Rubber Tail Illusion\MATLAB\HABITUATION.VIDEOS\phase1.day3.j2.MTS,Trial   104,+ 00:00:30.063,03/09/2022 17:48:56.863,03/09/2022 17:47:54.000,66.5545
Male,3,D:\Rubber Tail Illusion\MATLAB\HABITUATION.VIDEOS\phase1.day3.j2.MTS,Trial   105,+ 00:00:30.063,03/09/2022 17:49:27.026,03/09/2022 17:47:54.000,65.2685
Male,3,D:\Rubber Tail Illusion\MATLAB\HABITUATION.VIDEOS\phase1.day3.j2.MTS,Trial   106,+ 00:00:30.063,03/09/2022 17:49:57.156,03/09/2022 17:47:54.000,63.2672
Male,3,D:\Rubber Tail Illusion\MATLAB\HABITUATION.VIDEOS\phase1.day3.j2.MTS,Trial   107,+ 00:00:30.063,03/09/2022 17:50:27.287,03/09/2022 17:47:54.000,66.7605
Male,3,D:\Rubber Tail Illusion\MATLAB\HABITUATION.VIDEOS\phase1.day3.j2.MTS,Trial   108,+ 00:00:21.788,03/09/2022 17:50:57.417,03/09/2022 17:47:54.000,66.8965
Male,3,D:\Rubber Tail Illusion\MATLAB\HABITUATION.VIDEOS\phase1.day3.k1.MTS,Trial   109,+ 00:00:03.437,03/09/2022 17:55:00.803,03/09/2022 17:54:58.000,65.5724
Male,3,D:\Rubber Tail Illusion\MATLAB\HABITUATION.VIDEOS\phase1.day3.k2.MTS,Trial   110,+ 00:00:30.063,03/09/2022 18:02:22.436,03/09/2022 18:02:20.000,72.8086
Male,3,D:\Rubber Tail Illusion\MATLAB\HABITUATION.VIDEOS\phase1.day3.k2.MTS,Trial   111,+ 00:00:17.284,03/09/2022 18:02:52.566,03/09/2022 18:02:20.000,67.5884
Male,3,D:\Rubber Tail Illusion\MATLAB\HABITUATION.VIDEOS\phase1.day3.l1.MTS,Trial   112,+ 00:00:30.063,03/09/2022 18:06:16.536,03/09/2022 18:06:14.000,66.9349
Male,3,D:\Rubber Tail Illusion\MATLAB\HABITUATION.VIDEOS\phase1.day3.l1.MTS,Trial   113,+ 00:00:30.063,03/09/2022 18:06:46.699,03/09/2022 18:06:14.000,66.4456
Male,3,D:\Rubber Tail Illusion\MATLAB\HABITUATION.VIDEOS\phase1.day3.l1.MTS,Trial   114,+ 00:00:10.744,03/09/2022 18:08:14.053,03/09/2022 18:06:14.000,61.3462
Male,4,D:\Rubber Tail Illusion\MATLAB\HABITUATION.VIDEOS\phase1.day4.g1.MTS,Trial   188,+ 00:00:30.063,03/10/2022 13:36:44.936,03/10/2022 13:36:42.000,66.6847
Male,4,D:\Rubber Tail Illusion\MATLAB\HABITUATION.VIDEOS\phase1.day4.g1.MTS,Trial   189,+ 00:00:30.063,03/10/2022 13:37:15.066,03/10/2022 13:36:42.000,64.1122
Male,4,D:\Rubber Tail Illusion\MATLAB\HABITUATION.VIDEOS\phase1.day4.g1.MTS,Trial   190,+ 00:00:30.063,03/10/2022 13:37:45.197,03/10/2022 13:36:42.000,63.0587
Male,4,D:\Rubber Tail Illusion\MATLAB\HABITUATION.VIDEOS\phase1.day4.g1.MTS,Trial   191,+ 00:00:30.063,03/10/2022 13:38:15.393,03/10/2022 13:36:42.000,64.7903
Male,4,D:\Rubber Tail Illusion\MATLAB\HABITUATION.VIDEOS\phase1.day4.g1.MTS,Trial   192,+ 00:00:30.063,03/10/2022 13:38:45.557,03/10/2022 13:36:42.000,64.632
Male,4,D:\Rubber Tail Illusion\MATLAB\HABITUATION.VIDEOS\phase1.day4.g1.MTS,Trial   193,+ 00:00:28.996,03/10/2022 13:39:15.687,03/10/2022 13:36:42.000,64.4341
Male,4,D:\Rubber Tail Illusion\MATLAB\HABITUATION.VIDEOS\phase1.day4.g2.MTS,Trial   194,+ 00:00:22.055,03/10/2022 13:42:06.703,03/10/2022 13:42:04.000,64.3207
Male,4,D:\Rubber Tail Illusion\MATLAB\HABITUATION.VIDEOS\phase1.day4.g2.MTS,Trial   195,+ 00:00:15.015,03/10/2022 13:43:29.085,03/10/2022 13:42:04.000,69.1373
Male,4,D:\Rubber Tail Illusion\MATLAB\HABITUATION.VIDEOS\phase1.day4.g2.MTS,Trial   196,+ 00:00:30.063,03/10/2022 13:43:54.711,03/10/2022 13:42:04.000,65.0819
Male,4,D:\Rubber Tail Illusion\MATLAB\HABITUATION.VIDEOS\phase1.day4.g2.MTS,Trial   197,+ 00:00:24.291,03/10/2022 13:44:24.874,03/10/2022 13:42:04.000,60.5447
Male,4,D:\Rubber Tail Illusion\MATLAB\HABITUATION.VIDEOS\phase1.day4.g2.MTS,Trial   198,+ 00:00:30.063,03/10/2022 13:45:03.379,03/10/2022 13:42:04.000,65.9563
Male,4,D:\Rubber Tail Illusion\MATLAB\HABITUATION.VIDEOS\phase1.day4.g2.MTS,Trial   199,+ 00:00:30.063,03/10/2022 13:45:33.543,03/10/2022 13:42:04.000,63.5051
Male,4,D:\Rubber Tail Illusion\MATLAB\HABITUATION.VIDEOS\phase1.day4.g2.MTS,Trial   200,+ 00:00:25.058,03/10/2022 13:46:03.706,03/10/2022 13:42:04.000,58.2122
Male,4,D:\Rubber Tail Illusion\MATLAB\HABITUATION.VIDEOS\phase1.day4.h1.MTS,Trial   201,+ 00:00:06.240,03/10/2022 13:52:38.669,03/10/2022 13:52:36.000,60.5819
Male,4,D:\Rubber Tail Illusion\MATLAB\HABITUATION.VIDEOS\phase1.day4.h1.MTS,Trial   202,+ 00:00:30.063,03/10/2022 13:53:05.563,03/10/2022 13:52:36.000,45.141
Male,4,D:\Rubber Tail Illusion\MATLAB\HABITUATION.VIDEOS\phase1.day4.h1.MTS,Trial   203,+ 00:00:10.978,03/10/2022 13:53:35.726,03/10/2022 13:52:36.000,45.3381
Male,4,D:\Rubber Tail Illusion\MATLAB\HABITUATION.VIDEOS\phase1.day4.h1.MTS,Trial   204,+ 00:00:30.063,03/10/2022 13:54:07.592,03/10/2022 13:52:36.000,51.8361
Male,4,D:\Rubber Tail Illusion\MATLAB\HABITUATION.VIDEOS\phase1.day4.h1.MTS,Trial   205,+ 00:00:30.063,03/10/2022 13:54:37.788,03/10/2022 13:52:36.000,54.1592
Male,4,D:\Rubber Tail Illusion\MATLAB\HABITUATION.VIDEOS\phase1.day4.h1.MTS,Trial   206,+ 00:00:15.249,03/10/2022 13:55:07.952,03/10/2022 13:52:36.000,48.7352
Male,4,D:\Rubber Tail Illusion\MATLAB\HABITUATION.VIDEOS\phase1.day4.h1.MTS,Trial   207,+ 00:00:30.063,03/10/2022 13:55:49.126,03/10/2022 13:52:36.000,62.3897
Male,4,D:\Rubber Tail Illusion\MATLAB\HABITUATION.VIDEOS\phase1.day4.h1.MTS,Trial   208,+ 00:00:30.063,03/10/2022 13:56:37.341,03/10/2022 13:52:36.000,51.4362
Male,4,D:\Rubber Tail Illusion\MATLAB\HABITUATION.VIDEOS\phase1.day4.h2.MTS,Trial   209,+ 00:00:22.556,03/10/2022 13:59:54.436,03/10/2022 13:59:52.000,61.7049
Male,4,D:\Rubber Tail Illusion\MATLAB\HABITUATION.VIDEOS\phase1.day4.h2.MTS,Trial   210,+ 00:00:23.590,03/10/2022 14:00:35.076,03/10/2022 13:59:52.000,63.1151
Male,4,D:\Rubber Tail Illusion\MATLAB\HABITUATION.VIDEOS\phase1.day4.h2.MTS,Trial   211,+ 00:00:30.063,03/10/2022 14:03:29.918,03/10/2022 13:59:52.000,67.6104
Male,4,D:\Rubber Tail Illusion\MATLAB\HABITUATION.VIDEOS\phase1.day4.h2.MTS,Trial   212,+ 00:00:30.063,03/10/2022 14:04:00.048,03/10/2022 13:59:52.000,68.8446
Male,4,D:\Rubber Tail Illusion\MATLAB\HABITUATION.VIDEOS\phase1.day4.h2.MTS,Trial   213,+ 00:00:30.063,03/10/2022 14:04:30.178,03/10/2022 13:59:52.000,64.8163
Male,4,D:\Rubber Tail Illusion\MATLAB\HABITUATION.VIDEOS\phase1.day4.h2.MTS,Trial   214,+ 00:00:30.063,03/10/2022 14:05:00.308,03/10/2022 13:59:52.000,65.2313
Male,4,D:\Rubber Tail Illusion\MATLAB\HABITUATION.VIDEOS\phase1.day4.i1.MTS,Trial   215,+ 00:00:30.063,03/10/2022 14:06:05.003,03/10/2022 14:06:02.000,59.2701
Male,4,D:\Rubber Tail Illusion\MATLAB\HABITUATION.VIDEOS\phase1.day4.i1.MTS,Trial   216,+ 00:00:30.063,03/10/2022 14:06:35.200,03/10/2022 14:06:02.000,59.3839
Male,4,D:\Rubber Tail Illusion\MATLAB\HABITUATION.VIDEOS\phase1.day4.i1.MTS,Trial   217,+ 00:00:04.938,03/10/2022 14:07:05.363,03/10/2022 14:06:02.000,51.6533
Male,4,D:\Rubber Tail Illusion\MATLAB\HABITUATION.VIDEOS\phase1.day4.i1.MTS,Trial   218,+ 00:00:30.063,03/10/2022 14:08:08.493,03/10/2022 14:06:02.000,65.0771
Male,4,D:\Rubber Tail Illusion\MATLAB\HABITUATION.VIDEOS\phase1.day4.i1.MTS,Trial   219,+ 00:00:30.063,03/10/2022 14:08:38.657,03/10/2022 14:06:02.000,64.8332
Male,4,D:\Rubber Tail Illusion\MATLAB\HABITUATION.VIDEOS\phase1.day4.i1.MTS,Trial   220,+ 00:00:30.063,03/10/2022 14:09:08.854,03/10/2022 14:06:02.000,60.233
Male,4,D:\Rubber Tail Illusion\MATLAB\HABITUATION.VIDEOS\phase1.day4.i1.MTS,Trial   221,+ 00:00:26.727,03/10/2022 14:09:39.017,03/10/2022 14:06:02.000,43.6287
Male,4,D:\Rubber Tail Illusion\MATLAB\HABITUATION.VIDEOS\phase1.day4.i2.MTS,Trial   222,+ 00:00:30.063,03/10/2022 14:14:22.703,03/10/2022 14:14:20.000,61.4223
Male,4,D:\Rubber Tail Illusion\MATLAB\HABITUATION.VIDEOS\phase1.day4.i2.MTS,Trial   223,+ 00:00:30.063,03/10/2022 14:14:52.833,03/10/2022 14:14:20.000,69.6139
Male,4,D:\Rubber Tail Illusion\MATLAB\HABITUATION.VIDEOS\phase1.day4.i2.MTS,Trial   224,+ 00:00:30.063,03/10/2022 14:15:22.996,03/10/2022 14:14:20.000,69.234
Male,4,D:\Rubber Tail Illusion\MATLAB\HABITUATION.VIDEOS\phase1.day4.i2.MTS,Trial   225,+ 00:00:30.063,03/10/2022 14:15:53.126,03/10/2022 14:14:20.000,64.1009
Male,4,D:\Rubber Tail Illusion\MATLAB\HABITUATION.VIDEOS\phase1.day4.i2.MTS,Trial   226,+ 00:00:30.063,03/10/2022 14:16:23.290,03/10/2022 14:14:20.000,67.8023
Male,4,D:\Rubber Tail Illusion\MATLAB\HABITUATION.VIDEOS\phase1.day4.i2.MTS,Trial   227,+ 00:00:30.063,03/10/2022 14:16:53.453,03/10/2022 14:14:20.000,69.8618
Male,4,D:\Rubber Tail Illusion\MATLAB\HABITUATION.VIDEOS\phase1.day4.j1.MTS,Trial   228,+ 00:00:05.739,03/10/2022 14:29:28.503,03/10/2022 14:29:26.000,68.8772
Male,4,D:\Rubber Tail Illusion\MATLAB\HABITUATION.VIDEOS\phase1.day4.j1.MTS,Trial   229,+ 00:00:30.063,03/10/2022 14:34:32.907,03/10/2022 14:29:26.000,69.256
Male,4,D:\Rubber Tail Illusion\MATLAB\HABITUATION.VIDEOS\phase1.day4.j1.MTS,Trial   230,+ 00:00:30.063,03/10/2022 14:35:06.674,03/10/2022 14:29:26.000,65.8124
Male,4,D:\Rubber Tail Illusion\MATLAB\HABITUATION.VIDEOS\phase1.day4.j1.MTS,Trial   231,+ 00:00:22.823,03/10/2022 14:35:36.804,03/10/2022 14:29:26.000,68.5165
Male,4,D:\Rubber Tail Illusion\MATLAB\HABITUATION.VIDEOS\phase1.day4.j1.MTS,Trial   232,+ 00:00:30.063,03/10/2022 14:36:25.520,03/10/2022 14:29:26.000,70.7706
Male,4,D:\Rubber Tail Illusion\MATLAB\HABITUATION.VIDEOS\phase1.day4.j2.MTS,Trial   233,+ 00:00:07.441,03/10/2022 14:35:46.369,03/10/2022 14:35:44.000,64.5817
Male,4,D:\Rubber Tail Illusion\MATLAB\HABITUATION.VIDEOS\phase1.day4.j2.MTS,Trial   234,+ 00:00:26.093,03/10/2022 14:36:09.626,03/10/2022 14:35:44.000,65.8403
Male,4,D:\Rubber Tail Illusion\MATLAB\HABITUATION.VIDEOS\phase1.day4.j2.MTS,Trial   235,+ 00:00:22.556,03/10/2022 14:36:57.073,03/10/2022 14:35:44.000,67.0134
Male,4,D:\Rubber Tail Illusion\MATLAB\HABITUATION.VIDEOS\phase1.day4.j2.MTS,Trial   236,+ 00:00:30.063,03/10/2022 14:37:37.881,03/10/2022 14:35:44.000,66.6789
Male,4,D:\Rubber Tail Illusion\MATLAB\HABITUATION.VIDEOS\phase1.day4.j2.MTS,Trial   237,+ 00:00:30.063,03/10/2022 14:38:08.044,03/10/2022 14:35:44.000,61.5107
Male,4,D:\Rubber Tail Illusion\MATLAB\HABITUATION.VIDEOS\phase1.day4.j2.MTS,Trial   238,+ 00:00:26.260,03/10/2022 14:38:38.274,03/10/2022 14:35:44.000,56.0815
Male,4,D:\Rubber Tail Illusion\MATLAB\HABITUATION.VIDEOS\phase1.day4.j2.MTS,Trial   239,+ 00:00:30.063,03/10/2022 14:39:11.441,03/10/2022 14:35:44.000,70.4101
Male,4,D:\Rubber Tail Illusion\MATLAB\HABITUATION.VIDEOS\phase1.day4.k1.MTS,Trial   240,+ 00:00:30.063,03/10/2022 14:42:28.302,03/10/2022 14:42:26.000,64.633
Male,4,D:\Rubber Tail Illusion\MATLAB\HABITUATION.VIDEOS\phase1.day4.k1.MTS,Trial   241,+ 00:00:19.586,03/10/2022 14:43:23.157,03/10/2022 14:42:26.000,66.3453
Male,4,D:\Rubber Tail Illusion\MATLAB\HABITUATION.VIDEOS\phase1.day4.k1.MTS,Trial   242,+ 00:00:30.063,03/10/2022 14:44:26.854,03/10/2022 14:42:26.000,70.1767
Male,4,D:\Rubber Tail Illusion\MATLAB\HABITUATION.VIDEOS\phase1.day4.k1.MTS,Trial   243,+ 00:00:30.063,03/10/2022 14:44:56.984,03/10/2022 14:42:26.000,70.3531
Male,4,D:\Rubber Tail Illusion\MATLAB\HABITUATION.VIDEOS\phase1.day4.k1.MTS,Trial   244,+ 00:00:30.063,03/10/2022 14:45:27.114,03/10/2022 14:42:26.000,70.5257
Male,4,D:\Rubber Tail Illusion\MATLAB\HABITUATION.VIDEOS\phase1.day4.k1.MTS,Trial   245,+ 00:00:30.063,03/10/2022 14:45:57.245,03/10/2022 14:42:26.000,71.7504
Male,4,D:\Rubber Tail Illusion\MATLAB\HABITUATION.VIDEOS\phase1.day4.k2.MTS,Trial   246,+ 00:00:27.528,03/10/2022 14:52:01.003,03/10/2022 14:51:58.000,70.4857
Male,4,D:\Rubber Tail Illusion\MATLAB\HABITUATION.VIDEOS\phase1.day4.k2.MTS,Trial   247,+ 00:00:30.063,03/10/2022 14:53:28.691,03/10/2022 14:51:58.000,67.7021
Male,4,D:\Rubber Tail Illusion\MATLAB\HABITUATION.VIDEOS\phase1.day4.k2.MTS,Trial   248,+ 00:00:30.063,03/10/2022 14:53:58.854,03/10/2022 14:51:58.000,69.5635
Male,4,D:\Rubber Tail Illusion\MATLAB\HABITUATION.VIDEOS\phase1.day4.k2.MTS,Trial   249,+ 00:00:13.981,03/10/2022 14:54:29.018,03/10/2022 14:51:58.000,67.7969
Male,4,D:\Rubber Tail Illusion\MATLAB\HABITUATION.VIDEOS\phase1.day4.k2.MTS,Trial   250,+ 00:00:30.063,03/10/2022 14:55:10.426,03/10/2022 14:51:58.000,71.2746
Male,4,D:\Rubber Tail Illusion\MATLAB\HABITUATION.VIDEOS\phase1.day4.k2.MTS,Trial   251,+ 00:00:30.063,03/10/2022 14:55:40.556,03/10/2022 14:51:58.000,70.859
Male,4,D:\Rubber Tail Illusion\MATLAB\HABITUATION.VIDEOS\phase1.day4.l1.MTS,Trial   252,+ 00:00:13.013,03/10/2022 15:02:06.569,03/10/2022 15:02:04.000,67.1446
Male,4,D:\Rubber Tail Illusion\MATLAB\HABITUATION.VIDEOS\phase1.day4.l1.MTS,Trial   253,+ 00:00:30.063,03/10/2022 15:02:49.212,03/10/2022 15:02:04.000,68.8289
Male,4,D:\Rubber Tail Illusion\MATLAB\HABITUATION.VIDEOS\phase1.day4.l1.MTS,Trial   254,+ 00:00:16.750,03/10/2022 15:03:19.375,03/10/2022 15:02:04.000,54.5894
Male,4,D:\Rubber Tail Illusion\MATLAB\HABITUATION.VIDEOS\phase1.day4.l1.MTS,Trial   255,+ 00:00:30.063,03/10/2022 15:05:08.284,03/10/2022 15:02:04.000,72.5162
Male,4,D:\Rubber Tail Illusion\MATLAB\HABITUATION.VIDEOS\phase1.day4.l1.MTS,Trial   256,+ 00:00:30.063,03/10/2022 15:05:38.448,03/10/2022 15:02:04.000,72.629
Male,4,D:\Rubber Tail Illusion\MATLAB\HABITUATION.VIDEOS\phase1.day4.l1.MTS,Trial   257,+ 00:00:30.063,03/10/2022 15:06:08.611,03/10/2022 15:02:04.000,71.4303
Male,4,D:\Rubber Tail Illusion\MATLAB\HABITUATION.VIDEOS\phase1.day4.l1.MTS,Trial   258,+ 00:00:30.063,03/10/2022 15:06:38.741,03/10/2022 15:02:04.000,71.5281
Male,4,D:\Rubber Tail Illusion\MATLAB\HABITUATION.VIDEOS\phase1.day4.l2.MTS,Trial   259,+ 00:00:04.972,03/10/2022 15:12:18.302,03/10/2022 15:12:16.000,59.669
Male,4,D:\Rubber Tail Illusion\MATLAB\HABITUATION.VIDEOS\phase1.day4.l2.MTS,Trial   260,+ 00:00:14.515,03/10/2022 15:13:59.203,03/10/2022 15:12:16.000,67.8859
Male,4,D:\Rubber Tail Illusion\MATLAB\HABITUATION.VIDEOS\phase1.day4.l2.MTS,Trial   261,+ 00:00:23.824,03/10/2022 15:14:27.798,03/10/2022 15:12:16.000,66.9409
Male,4,D:\Rubber Tail Illusion\MATLAB\HABITUATION.VIDEOS\phase1.day4.l2.MTS,Trial   262,+ 00:00:19.052,03/10/2022 15:15:11.776,03/10/2022 15:12:16.000,66.1266
Male,4,D:\Rubber Tail Illusion\MATLAB\HABITUATION.VIDEOS\phase1.day4.l2.MTS,Trial   263,+ 00:00:30.063,03/10/2022 15:15:41.205,03/10/2022 15:12:16.000,68.2179
Male,4,D:\Rubber Tail Illusion\MATLAB\HABITUATION.VIDEOS\phase1.day4.l2.MTS,Trial   264,+ 00:00:29.596,03/10/2022 15:16:11.369,03/10/2022 15:12:16.000,64.5867
Male,4,D:\Rubber Tail Illusion\MATLAB\HABITUATION.VIDEOS\phase1.day4.l2.MTS,Trial   265,+ 00:00:30.063,03/10/2022 15:16:51.375,03/10/2022 15:12:16.000,70.3561
